"url","title","original_format","online_formats","subjects","date","description","contributors","locations","partof","access_restricted","id","image_url","thumb_url","resource_count","resource_url","filename"
"https://www.loc.gov/item/muscolwell-200224949/","Larry Colwell dance photographs: Studio or publicity photos: Boris, Ruthanna, with Frederic Franklin","photo, print, drawing","image","photographs","1944","","colwell, larry","","music division;larry colwell dance photographs, 1944-1966: studio or publicity photos;larry colwell dance photographs, 1944-1966","false","muscolwell-200224949","https://tile.loc.gov/image-services/iiif/service:music:muscolwell:muscolwell-200224949:muscolwell-200224949.0001/full/pct:100/0/default.jpg#h=4102&w=3302","https://tile.loc.gov/image-services/iiif/service:music:muscolwell:muscolwell-200224949:muscolwell-200224949.0001/full/pct:12.5/0/default.jpg#h=512&w=412","4","https://tile.loc.gov/image-services/iiif/service:music:muscolwell:muscolwell-200224949:muscolwell-200224949.0001/full/pct:100/0/default.jpg#h=4102&w=3302","muscolwell-200224949-0.jpg"
"https://www.loc.gov/item/muscolwell-200224940/","Larry Colwell dance photographs: Studio or publicity photos: Beatty, Talley","photo, print, drawing","image","photographs","1944","","colwell, larry","","music division;larry colwell dance photographs, 1944-1966: studio or publicity photos;larry colwell dance photographs, 1944-1966","false","muscolwell-200224940","https://tile.loc.gov/image-services/iiif/service:music:muscolwell:muscolwell-200224940:muscolwell-200224940.0001/full/pct:100/0/default.jpg#h=4098&w=3279","https://tile.loc.gov/image-services/iiif/service:music:muscolwell:muscolwell-200224940:muscolwell-200224940.0001/full/pct:12.5/0/default.jpg#h=512&w=409","6","https://tile.loc.gov/image-services/iiif/service:music:muscolwell:muscolwell-200224940:muscolwell-200224940.0001/full/pct:100/0/default.jpg#h=4098&w=3279","muscolwell-200224940-0.jpg"
"https://www.loc.gov/item/muscolwell-200224945/","Larry Colwell dance photographs: Studio or publicity photos: Boris, Ruthanna","photo, print, drawing","image","photographs","1947","","colwell, larry","","music division;larry colwell dance photographs, 1944-1966: studio or publicity photos;larry colwell dance photographs, 1944-1966","false","muscolwell-200224945","https://tile.loc.gov/image-services/iiif/service:music:muscolwell:muscolwell-200224945:muscolwell-200224945.0001/full/pct:100/0/default.jpg#h=4105&w=3295","https://tile.loc.gov/image-services/iiif/service:music:muscolwell:muscolwell-200224945:muscolwell-200224945.0001/full/pct:12.5/0/default.jpg#h=513&w=411","6","https://tile.loc.gov/image-services/iiif/service:music:muscolwell:muscolwell-200224945:muscolwell-200224945.0001/full/pct:100/0/default.jpg#h=4105&w=3295","muscolwell-200224945-0.jpg"
"https://www.loc.gov/item/muscolwell-200224946/","Larry Colwell dance photographs: Studio or publicity photos: Boris, Ruthanna, with Frank Hobi [?]","photo, print, drawing","image","photographs","1944","","colwell, larry","","music division;larry colwell dance photographs, 1944-1966: studio or publicity photos;larry colwell dance photographs, 1944-1966","false","muscolwell-200224946","https://tile.loc.gov/image-services/iiif/service:music:muscolwell:muscolwell-200224946:muscolwell-200224946.0001/full/pct:100/0/default.jpg#h=4092&w=3277","https://tile.loc.gov/image-services/iiif/service:music:muscolwell:muscolwell-200224946:muscolwell-200224946.0001/full/pct:12.5/0/default.jpg#h=511&w=409","3","https://tile.loc.gov/image-services/iiif/service:music:muscolwell:muscolwell-200224946:muscolwell-200224946.0001/full/pct:100/0/default.jpg#h=4092&w=3277","muscolwell-200224946-0.jpg"
"https://www.loc.gov/item/muscolwell-200224947/","Larry Colwell dance photographs: Studio or publicity photos: Boris, Ruthanna","photo, print, drawing","image","photographs","1944","","colwell, larry","","music division;larry colwell dance photographs, 1944-1966: studio or publicity photos;larry colwell dance photographs, 1944-1966","false","muscolwell-200224947","https://tile.loc.gov/image-services/iiif/service:music:muscolwell:muscolwell-200224947:muscolwell-200224947.0001/full/pct:100/0/default.jpg#h=4096&w=3283","https://tile.loc.gov/image-services/iiif/service:music:muscolwell:muscolwell-200224947:muscolwell-200224947.0001/full/pct:12.5/0/default.jpg#h=512&w=410","25","https://tile.loc.gov/image-services/iiif/service:music:muscolwell:muscolwell-200224947:muscolwell-200224947.0001/full/pct:100/0/default.jpg#h=4096&w=3283","muscolwell-200224947-0.jpg"
"https://www.loc.gov/item/muscolwell-200224948/","Larry Colwell dance photographs: Studio or publicity photos: Boris, Ruthanna, with Leon Danielian","photo, print, drawing","image","photographs","1944","","colwell, larry","","music division;larry colwell dance photographs, 1944-1966: studio or publicity photos;larry colwell dance photographs, 1944-1966","false","muscolwell-200224948","https://tile.loc.gov/image-services/iiif/service:music:muscolwell:muscolwell-200224948:muscolwell-200224948.0001/full/pct:100/0/default.jpg#h=4108&w=3302","https://tile.loc.gov/image-services/iiif/service:music:muscolwell:muscolwell-200224948:muscolwell-200224948.0001/full/pct:12.5/0/default.jpg#h=513&w=412","3","https://tile.loc.gov/image-services/iiif/service:music:muscolwell:muscolwell-200224948:muscolwell-200224948.0001/full/pct:100/0/default.jpg#h=4108&w=3302","muscolwell-200224948-0.jpg"
"https://www.loc.gov/item/muscolwell-200224950/","Larry Colwell dance photographs: Studio or publicity photos: Boris, Ruthanna","photo, print, drawing","image","photographs","1944","","colwell, larry","","music division;larry colwell dance photographs, 1944-1966: studio or publicity photos;larry colwell dance photographs, 1944-1966","false","muscolwell-200224950","https://tile.loc.gov/image-services/iiif/service:music:muscolwell:muscolwell-200224950:muscolwell-200224950.0001/full/pct:100/0/default.jpg#h=4084&w=3288","https://tile.loc.gov/image-services/iiif/service:music:muscolwell:muscolwell-200224950:muscolwell-200224950.0001/full/pct:12.5/0/default.jpg#h=510&w=411","19","https://tile.loc.gov/image-services/iiif/service:music:muscolwell:muscolwell-200224950:muscolwell-200224950.0001/full/pct:100/0/default.jpg#h=4084&w=3288","muscolwell-200224950-0.jpg"
"https://www.loc.gov/item/muscolwell-200224941/","Larry Colwell dance photographs: Studio or publicity photos: Beatty, Talley, with unidentified partner","photo, print, drawing","image","photographs","1944","","colwell, larry","","music division;larry colwell dance photographs, 1944-1966: studio or publicity photos;larry colwell dance photographs, 1944-1966","false","muscolwell-200224941","https://tile.loc.gov/image-services/iiif/service:music:muscolwell:muscolwell-200224941:muscolwell-200224941.0001/full/pct:100/0/default.jpg#h=4091&w=3295","https://tile.loc.gov/image-services/iiif/service:music:muscolwell:muscolwell-200224941:muscolwell-200224941.0001/full/pct:12.5/0/default.jpg#h=511&w=411","6","https://tile.loc.gov/image-services/iiif/service:music:muscolwell:muscolwell-200224941:muscolwell-200224941.0001/full/pct:100/0/default.jpg#h=4091&w=3295","muscolwell-200224941-0.jpg"
"https://www.loc.gov/item/muscolwell-200224942/","Larry Colwell dance photographs: Studio or publicity photos: Beatty, Talley","photo, print, drawing","image","photographs","1944","","colwell, larry","","music division;larry colwell dance photographs, 1944-1966: studio or publicity photos;larry colwell dance photographs, 1944-1966","false","muscolwell-200224942","https://tile.loc.gov/image-services/iiif/service:music:muscolwell:muscolwell-200224942:muscolwell-200224942.0001/full/pct:100/0/default.jpg#h=4086&w=3278","https://tile.loc.gov/image-services/iiif/service:music:muscolwell:muscolwell-200224942:muscolwell-200224942.0001/full/pct:12.5/0/default.jpg#h=510&w=409","34","https://tile.loc.gov/image-services/iiif/service:music:muscolwell:muscolwell-200224942:muscolwell-200224942.0001/full/pct:100/0/default.jpg#h=4086&w=3278","muscolwell-200224942-0.jpg"
"https://www.loc.gov/item/muscolwell-200224943/","Larry Colwell dance photographs: Studio or publicity photos: Bettis, Valerie","photo, print, drawing","image","photographs","1944","","colwell, larry","","music division;larry colwell dance photographs, 1944-1966: studio or publicity photos;larry colwell dance photographs, 1944-1966","false","muscolwell-200224943","https://tile.loc.gov/image-services/iiif/service:music:muscolwell:muscolwell-200224943:muscolwell-200224943.0001/full/pct:100/0/default.jpg#h=4084&w=3293","https://tile.loc.gov/image-services/iiif/service:music:muscolwell:muscolwell-200224943:muscolwell-200224943.0001/full/pct:12.5/0/default.jpg#h=510&w=411","6","https://tile.loc.gov/image-services/iiif/service:music:muscolwell:muscolwell-200224943:muscolwell-200224943.0001/full/pct:100/0/default.jpg#h=4084&w=3293","muscolwell-200224943-0.jpg"
"https://www.loc.gov/item/muscolwell-200224944/","Larry Colwell dance photographs: Studio or publicity photos: Bolender, Todd, with Tanaquil Le Clercq and Maria Tallchief","photo, print, drawing","image","photographs","1944","","colwell, larry","","music division;larry colwell dance photographs, 1944-1966: studio or publicity photos;larry colwell dance photographs, 1944-1966","false","muscolwell-200224944","https://tile.loc.gov/image-services/iiif/service:music:muscolwell:muscolwell-200224944:muscolwell-200224944.0001/full/pct:100/0/default.jpg#h=4098&w=3286","https://tile.loc.gov/image-services/iiif/service:music:muscolwell:muscolwell-200224944:muscolwell-200224944.0001/full/pct:12.5/0/default.jpg#h=512&w=410","11","https://tile.loc.gov/image-services/iiif/service:music:muscolwell:muscolwell-200224944:muscolwell-200224944.0001/full/pct:100/0/default.jpg#h=4098&w=3286","muscolwell-200224944-0.jpg"
"https://www.loc.gov/item/muscolwell-200224954/","Larry Colwell dance photographs: Studio or publicity photos: Cunningham, Merce","photo, print, drawing","image","photographs","1946","","colwell, larry","","music division;larry colwell dance photographs, 1944-1966: studio or publicity photos;larry colwell dance photographs, 1944-1966","false","muscolwell-200224954","https://tile.loc.gov/image-services/iiif/service:music:muscolwell:muscolwell-200224954:muscolwell-200224954.0001/full/pct:100/0/default.jpg#h=3294&w=2142","https://tile.loc.gov/image-services/iiif/service:music:muscolwell:muscolwell-200224954:muscolwell-200224954.0001/full/pct:12.5/0/default.jpg#h=411&w=267","6","https://tile.loc.gov/image-services/iiif/service:music:muscolwell:muscolwell-200224954:muscolwell-200224954.0001/full/pct:100/0/default.jpg#h=3294&w=2142","muscolwell-200224954-0.jpg"
"https://www.loc.gov/item/muscolwell-200224955/","Larry Colwell dance photographs: Studio or publicity photos: Cunningham, Merce","photo, print, drawing","image","photographs","1946","","colwell, larry","","music division;larry colwell dance photographs, 1944-1966: studio or publicity photos;larry colwell dance photographs, 1944-1966","false","muscolwell-200224955","https://tile.loc.gov/image-services/iiif/service:music:muscolwell:muscolwell-200224955:muscolwell-200224955.0001/full/pct:100/0/default.jpg#h=3306&w=2160","https://tile.loc.gov/image-services/iiif/service:music:muscolwell:muscolwell-200224955:muscolwell-200224955.0001/full/pct:12.5/0/default.jpg#h=413&w=270","6","https://tile.loc.gov/image-services/iiif/service:music:muscolwell:muscolwell-200224955:muscolwell-200224955.0001/full/pct:100/0/default.jpg#h=3306&w=2160","muscolwell-200224955-0.jpg"
"https://www.loc.gov/item/muscolwell-200224951/","Larry Colwell dance photographs: Studio or publicity photos: Boris, Ruthanna","photo, print, drawing","image","photographs","1944","","colwell, larry","","music division;larry colwell dance photographs, 1944-1966: studio or publicity photos;larry colwell dance photographs, 1944-1966","false","muscolwell-200224951","https://tile.loc.gov/image-services/iiif/service:music:muscolwell:muscolwell-200224951:muscolwell-200224951.0001/full/pct:100/0/default.jpg#h=4079&w=3268","https://tile.loc.gov/image-services/iiif/service:music:muscolwell:muscolwell-200224951:muscolwell-200224951.0001/full/pct:12.5/0/default.jpg#h=509&w=408","3","https://tile.loc.gov/image-services/iiif/service:music:muscolwell:muscolwell-200224951:muscolwell-200224951.0001/full/pct:100/0/default.jpg#h=4079&w=3268","muscolwell-200224951-0.jpg"
"https://www.loc.gov/item/muscolwell-200224957/","Larry Colwell dance photographs: Studio or publicity photos: Danielian, Leon","photo, print, drawing","image","photographs","1944","","colwell, larry","","music division;larry colwell dance photographs, 1944-1966: studio or publicity photos;larry colwell dance photographs, 1944-1966","false","muscolwell-200224957","https://tile.loc.gov/image-services/iiif/service:music:muscolwell:muscolwell-200224957:muscolwell-200224957.0001/full/pct:100/0/default.jpg#h=4085&w=3270","https://tile.loc.gov/image-services/iiif/service:music:muscolwell:muscolwell-200224957:muscolwell-200224957.0001/full/pct:12.5/0/default.jpg#h=510&w=408","25","https://tile.loc.gov/image-services/iiif/service:music:muscolwell:muscolwell-200224957:muscolwell-200224957.0001/full/pct:100/0/default.jpg#h=4085&w=3270","muscolwell-200224957-0.jpg"
"https://www.loc.gov/item/muscolwell-200224958/","Larry Colwell dance photographs: Studio or publicity photos: Danielian, Leon, with Mary Ellen Moylan","photo, print, drawing","image","photographs","1944","","colwell, larry","","music division;larry colwell dance photographs, 1944-1966: studio or publicity photos;larry colwell dance photographs, 1944-1966","false","muscolwell-200224958","https://tile.loc.gov/image-services/iiif/service:music:muscolwell:muscolwell-200224958:muscolwell-200224958.0001/full/pct:100/0/default.jpg#h=4098&w=3299","https://tile.loc.gov/image-services/iiif/service:music:muscolwell:muscolwell-200224958:muscolwell-200224958.0001/full/pct:12.5/0/default.jpg#h=512&w=412","27","https://tile.loc.gov/image-services/iiif/service:music:muscolwell:muscolwell-200224958:muscolwell-200224958.0001/full/pct:100/0/default.jpg#h=4098&w=3299","muscolwell-200224958-0.jpg"
"https://www.loc.gov/item/muscolwell-200224959/","Larry Colwell dance photographs: Studio or publicity photos: Danilova, Alexandra, with Frederic Franklin","photo, print, drawing","image","photographs","1944","","colwell, larry","","music division;larry colwell dance photographs, 1944-1966: studio or publicity photos;larry colwell dance photographs, 1944-1966","false","muscolwell-200224959","https://tile.loc.gov/image-services/iiif/service:music:muscolwell:muscolwell-200224959:muscolwell-200224959.0001/full/pct:100/0/default.jpg#h=4060&w=3251","https://tile.loc.gov/image-services/iiif/service:music:muscolwell:muscolwell-200224959:muscolwell-200224959.0001/full/pct:12.5/0/default.jpg#h=507&w=406","6","https://tile.loc.gov/image-services/iiif/service:music:muscolwell:muscolwell-200224959:muscolwell-200224959.0001/full/pct:100/0/default.jpg#h=4060&w=3251","muscolwell-200224959-0.jpg"
"https://www.loc.gov/item/muscolwell-200224960/","Larry Colwell dance photographs: Studio or publicity photos: Franklin, Frederic","photo, print, drawing","image","photographs","1944","","colwell, larry","","music division;larry colwell dance photographs, 1944-1966: studio or publicity photos;larry colwell dance photographs, 1944-1966","false","muscolwell-200224960","https://tile.loc.gov/image-services/iiif/service:music:muscolwell:muscolwell-200224960:muscolwell-200224960.0001/full/pct:100/0/default.jpg#h=4086&w=3276","https://tile.loc.gov/image-services/iiif/service:music:muscolwell:muscolwell-200224960:muscolwell-200224960.0001/full/pct:12.5/0/default.jpg#h=510&w=409","10","https://tile.loc.gov/image-services/iiif/service:music:muscolwell:muscolwell-200224960:muscolwell-200224960.0001/full/pct:100/0/default.jpg#h=4086&w=3276","muscolwell-200224960-0.jpg"
"https://www.loc.gov/item/muscolwell-200224961/","Larry Colwell dance photographs: Studio or publicity photos: Franklin, Frederic","photo, print, drawing","image","photographs","1944","","colwell, larry","","music division;larry colwell dance photographs, 1944-1966: studio or publicity photos;larry colwell dance photographs, 1944-1966","false","muscolwell-200224961","https://tile.loc.gov/image-services/iiif/service:music:muscolwell:muscolwell-200224961:muscolwell-200224961.0001/full/pct:100/0/default.jpg#h=4070&w=3286","https://tile.loc.gov/image-services/iiif/service:music:muscolwell:muscolwell-200224961:muscolwell-200224961.0001/full/pct:12.5/0/default.jpg#h=508&w=410","8","https://tile.loc.gov/image-services/iiif/service:music:muscolwell:muscolwell-200224961:muscolwell-200224961.0001/full/pct:100/0/default.jpg#h=4070&w=3286","muscolwell-200224961-0.jpg"
"https://www.loc.gov/item/muscolwell-200224952/","Larry Colwell dance photographs: Studio or publicity photos: Cage, John, 1947","photo, print, drawing","image","photographs","1947","","colwell, larry","","music division;larry colwell dance photographs, 1944-1966: studio or publicity photos;larry colwell dance photographs, 1944-1966","false","muscolwell-200224952","https://tile.loc.gov/image-services/iiif/service:music:muscolwell:muscolwell-200224952:muscolwell-200224952.0001/full/pct:100/0/default.jpg#h=2910&w=2130","https://tile.loc.gov/image-services/iiif/service:music:muscolwell:muscolwell-200224952:muscolwell-200224952.0001/full/pct:12.5/0/default.jpg#h=363&w=266","13","https://tile.loc.gov/image-services/iiif/service:music:muscolwell:muscolwell-200224952:muscolwell-200224952.0001/full/pct:100/0/default.jpg#h=2910&w=2130","muscolwell-200224952-0.jpg"
"https://www.loc.gov/item/muscolwell-200224953/","Larry Colwell dance photographs: Studio or publicity photos: Celli, Vincenzo","photo, print, drawing","image","photographs","1946","","colwell, larry","","music division;larry colwell dance photographs, 1944-1966: studio or publicity photos;larry colwell dance photographs, 1944-1966","false","muscolwell-200224953","https://tile.loc.gov/image-services/iiif/service:music:muscolwell:muscolwell-200224953:muscolwell-200224953.0001/full/pct:100/0/default.jpg#h=3312&w=2184","https://tile.loc.gov/image-services/iiif/service:music:muscolwell:muscolwell-200224953:muscolwell-200224953.0001/full/pct:12.5/0/default.jpg#h=414&w=273","9","https://tile.loc.gov/image-services/iiif/service:music:muscolwell:muscolwell-200224953:muscolwell-200224953.0001/full/pct:100/0/default.jpg#h=3312&w=2184","muscolwell-200224953-0.jpg"
"https://www.loc.gov/item/muscolwell-200224956/","Larry Colwell dance photographs: Studio or publicity photos: Danielian, Leon, with Nathalie Krassovska","photo, print, drawing","image","photographs","1944","","colwell, larry","","music division;larry colwell dance photographs, 1944-1966: studio or publicity photos;larry colwell dance photographs, 1944-1966","false","muscolwell-200224956","https://tile.loc.gov/image-services/iiif/service:music:muscolwell:muscolwell-200224956:muscolwell-200224956.0001/full/pct:100/0/default.jpg#h=4098&w=3293","https://tile.loc.gov/image-services/iiif/service:music:muscolwell:muscolwell-200224956:muscolwell-200224956.0001/full/pct:12.5/0/default.jpg#h=512&w=411","18","https://tile.loc.gov/image-services/iiif/service:music:muscolwell:muscolwell-200224956:muscolwell-200224956.0001/full/pct:100/0/default.jpg#h=4098&w=3293","muscolwell-200224956-0.jpg"
"https://www.loc.gov/item/muscolwell-200224962/","Larry Colwell dance photographs: Studio or publicity photos: Hobi, Frank","photo, print, drawing","image","photographs","1944","","colwell, larry","","music division;larry colwell dance photographs, 1944-1966: studio or publicity photos;larry colwell dance photographs, 1944-1966","false","muscolwell-200224962","https://tile.loc.gov/image-services/iiif/service:music:muscolwell:muscolwell-200224962:muscolwell-200224962.0001/full/pct:100/0/default.jpg#h=8598&w=6195","https://tile.loc.gov/image-services/iiif/service:music:muscolwell:muscolwell-200224962:muscolwell-200224962.0001/full/pct:3.125/0/default.jpg#h=268&w=193","4","https://tile.loc.gov/image-services/iiif/service:music:muscolwell:muscolwell-200224962:muscolwell-200224962.0001/full/pct:100/0/default.jpg#h=8598&w=6195","muscolwell-200224962-0.jpg"
"https://www.loc.gov/item/muscolwell-200224975/","Larry Colwell dance photographs: Studio or publicity photos: Magallanes, Nicholas","photo, print, drawing","image","photographs","1950","","colwell, larry","","music division;larry colwell dance photographs, 1944-1966: studio or publicity photos;larry colwell dance photographs, 1944-1966","false","muscolwell-200224975","https://tile.loc.gov/image-services/iiif/service:music:muscolwell:muscolwell-200224975:muscolwell-200224975.0001/full/pct:100/0/default.jpg#h=8668&w=6220","https://tile.loc.gov/image-services/iiif/service:music:muscolwell:muscolwell-200224975:muscolwell-200224975.0001/full/pct:3.125/0/default.jpg#h=270&w=194","11","https://tile.loc.gov/image-services/iiif/service:music:muscolwell:muscolwell-200224975:muscolwell-200224975.0001/full/pct:100/0/default.jpg#h=8668&w=6220","muscolwell-200224975-0.jpg"
"https://www.loc.gov/item/muscolwell-200224964/","Larry Colwell dance photographs: Studio or publicity photos: Krassovska, Natalie","photo, print, drawing","image","photographs","1946","","colwell, larry","","music division;larry colwell dance photographs, 1944-1966: studio or publicity photos;larry colwell dance photographs, 1944-1966","false","muscolwell-200224964","https://tile.loc.gov/image-services/iiif/service:music:muscolwell:muscolwell-200224964:muscolwell-200224964.0001/full/pct:100/0/default.jpg#h=8630&w=6186","https://tile.loc.gov/image-services/iiif/service:music:muscolwell:muscolwell-200224964:muscolwell-200224964.0001/full/pct:3.125/0/default.jpg#h=269&w=193","1","https://tile.loc.gov/image-services/iiif/service:music:muscolwell:muscolwell-200224964:muscolwell-200224964.0001/full/pct:100/0/default.jpg#h=8630&w=6186","muscolwell-200224964-0.jpg"
"https://www.loc.gov/item/muscolwell-200224967/","Larry Colwell dance photographs: Studio or publicity photos: Krassovska, Natalie","photo, print, drawing","image","photographs","1944","","colwell, larry","","music division;larry colwell dance photographs, 1944-1966: studio or publicity photos;larry colwell dance photographs, 1944-1966","false","muscolwell-200224967","https://tile.loc.gov/image-services/iiif/service:music:muscolwell:muscolwell-200224967:muscolwell-200224967.0001/full/pct:100/0/default.jpg#h=6153&w=4853","https://tile.loc.gov/image-services/iiif/service:music:muscolwell:muscolwell-200224967:muscolwell-200224967.0001/full/pct:6.25/0/default.jpg#h=384&w=303","1","https://tile.loc.gov/image-services/iiif/service:music:muscolwell:muscolwell-200224967:muscolwell-200224967.0001/full/pct:100/0/default.jpg#h=6153&w=4853","muscolwell-200224967-0.jpg"
"https://www.loc.gov/item/muscolwell-200224968/","Larry Colwell dance photographs: Studio or publicity photos: Le Clercq, Tanaquil","photo, print, drawing","image","photographs","1947","","colwell, larry","","music division;larry colwell dance photographs, 1944-1966: studio or publicity photos;larry colwell dance photographs, 1944-1966","false","muscolwell-200224968","https://tile.loc.gov/image-services/iiif/service:music:muscolwell:muscolwell-200224968:muscolwell-200224968.0001/full/pct:100/0/default.jpg#h=4083&w=3276","https://tile.loc.gov/image-services/iiif/service:music:muscolwell:muscolwell-200224968:muscolwell-200224968.0001/full/pct:12.5/0/default.jpg#h=510&w=409","9","https://tile.loc.gov/image-services/iiif/service:music:muscolwell:muscolwell-200224968:muscolwell-200224968.0001/full/pct:100/0/default.jpg#h=4083&w=3276","muscolwell-200224968-0.jpg"
"https://www.loc.gov/item/muscolwell-200224969/","Larry Colwell dance photographs: Studio or publicity photos: Le Clercq, Tanaquil, with Francisco Moncion","photo, print, drawing","image","photographs","1947","","colwell, larry","","music division;larry colwell dance photographs, 1944-1966: studio or publicity photos;larry colwell dance photographs, 1944-1966","false","muscolwell-200224969","https://tile.loc.gov/image-services/iiif/service:music:muscolwell:muscolwell-200224969:muscolwell-200224969.0001/full/pct:100/0/default.jpg#h=4102&w=3287","https://tile.loc.gov/image-services/iiif/service:music:muscolwell:muscolwell-200224969:muscolwell-200224969.0001/full/pct:12.5/0/default.jpg#h=512&w=410","12","https://tile.loc.gov/image-services/iiif/service:music:muscolwell:muscolwell-200224969:muscolwell-200224969.0001/full/pct:100/0/default.jpg#h=4102&w=3287","muscolwell-200224969-0.jpg"
"https://www.loc.gov/item/muscolwell-200224970/","Larry Colwell dance photographs: Studio or publicity photos: Le Clercq, Tanaquil","photo, print, drawing","image","photographs","1947","","colwell, larry","","music division;larry colwell dance photographs, 1944-1966: studio or publicity photos;larry colwell dance photographs, 1944-1966","false","muscolwell-200224970","https://tile.loc.gov/image-services/iiif/service:music:muscolwell:muscolwell-200224970:muscolwell-200224970.0001/full/pct:100/0/default.jpg#h=4079&w=3264","https://tile.loc.gov/image-services/iiif/service:music:muscolwell:muscolwell-200224970:muscolwell-200224970.0001/full/pct:12.5/0/default.jpg#h=509&w=408","15","https://tile.loc.gov/image-services/iiif/service:music:muscolwell:muscolwell-200224970:muscolwell-200224970.0001/full/pct:100/0/default.jpg#h=4079&w=3264","muscolwell-200224970-0.jpg"
"https://www.loc.gov/item/muscolwell-200224971/","Larry Colwell dance photographs: Studio or publicity photos: Le Clercq, Tanaquil","photo, print, drawing","image","photographs","1944","","colwell, larry","","music division;larry colwell dance photographs, 1944-1966: studio or publicity photos;larry colwell dance photographs, 1944-1966","false","muscolwell-200224971","https://tile.loc.gov/image-services/iiif/service:music:muscolwell:muscolwell-200224971:muscolwell-200224971.0001/full/pct:100/0/default.jpg#h=4065&w=3276","https://tile.loc.gov/image-services/iiif/service:music:muscolwell:muscolwell-200224971:muscolwell-200224971.0001/full/pct:12.5/0/default.jpg#h=508&w=409","6","https://tile.loc.gov/image-services/iiif/service:music:muscolwell:muscolwell-200224971:muscolwell-200224971.0001/full/pct:100/0/default.jpg#h=4065&w=3276","muscolwell-200224971-0.jpg"
"https://www.loc.gov/item/muscolwell-200224972/","Larry Colwell dance photographs: Studio or publicity photos: Le Clercq, Tanaquil","photo, print, drawing","image","photographs","1944","","colwell, larry","","music division;larry colwell dance photographs, 1944-1966: studio or publicity photos;larry colwell dance photographs, 1944-1966","false","muscolwell-200224972","https://tile.loc.gov/image-services/iiif/service:music:muscolwell:muscolwell-200224972:muscolwell-200224972.0001/full/pct:100/0/default.jpg#h=4091&w=3293","https://tile.loc.gov/image-services/iiif/service:music:muscolwell:muscolwell-200224972:muscolwell-200224972.0001/full/pct:12.5/0/default.jpg#h=511&w=411","3","https://tile.loc.gov/image-services/iiif/service:music:muscolwell:muscolwell-200224972:muscolwell-200224972.0001/full/pct:100/0/default.jpg#h=4091&w=3293","muscolwell-200224972-0.jpg"
"https://www.loc.gov/item/muscolwell-200224963/","Larry Colwell dance photographs: Studio or publicity photos: Krassovska, Natalie","photo, print, drawing","image","photographs","1946","","colwell, larry","","music division;larry colwell dance photographs, 1944-1966: studio or publicity photos;larry colwell dance photographs, 1944-1966","false","muscolwell-200224963","https://tile.loc.gov/image-services/iiif/service:music:muscolwell:muscolwell-200224963:muscolwell-200224963.0001/full/pct:100/0/default.jpg#h=2910&w=2130","https://tile.loc.gov/image-services/iiif/service:music:muscolwell:muscolwell-200224963:muscolwell-200224963.0001/full/pct:12.5/0/default.jpg#h=363&w=266","3","https://tile.loc.gov/image-services/iiif/service:music:muscolwell:muscolwell-200224963:muscolwell-200224963.0001/full/pct:100/0/default.jpg#h=2910&w=2130","muscolwell-200224963-0.jpg"
"https://www.loc.gov/item/muscolwell-200224973/","Larry Colwell dance photographs: Studio or publicity photos: Le Clercq, Tanaquil, with Maria Tallchief","photo, print, drawing","image","photographs","1947","","colwell, larry","","music division;larry colwell dance photographs, 1944-1966: studio or publicity photos;larry colwell dance photographs, 1944-1966","false","muscolwell-200224973","https://tile.loc.gov/image-services/iiif/service:music:muscolwell:muscolwell-200224973:muscolwell-200224973.0001/full/pct:100/0/default.jpg#h=4112&w=3303","https://tile.loc.gov/image-services/iiif/service:music:muscolwell:muscolwell-200224973:muscolwell-200224973.0001/full/pct:6.25/0/default.jpg#h=257&w=206","3","https://tile.loc.gov/image-services/iiif/service:music:muscolwell:muscolwell-200224973:muscolwell-200224973.0001/full/pct:100/0/default.jpg#h=4112&w=3303","muscolwell-200224973-0.jpg"
"https://www.loc.gov/item/muscolwell-200224974/","Larry Colwell dance photographs: Studio or publicity photos: Le Clercq, Tanaquil","photo, print, drawing","image","photographs","1947","","colwell, larry","","music division;larry colwell dance photographs, 1944-1966: studio or publicity photos;larry colwell dance photographs, 1944-1966","false","muscolwell-200224974","https://tile.loc.gov/image-services/iiif/service:music:muscolwell:muscolwell-200224974:muscolwell-200224974.0001/full/pct:100/0/default.jpg#h=2950&w=2129","https://tile.loc.gov/image-services/iiif/service:music:muscolwell:muscolwell-200224974:muscolwell-200224974.0001/full/pct:12.5/0/default.jpg#h=368&w=266","3","https://tile.loc.gov/image-services/iiif/service:music:muscolwell:muscolwell-200224974:muscolwell-200224974.0001/full/pct:100/0/default.jpg#h=2950&w=2129","muscolwell-200224974-0.jpg"
"https://www.loc.gov/item/muscolwell-200224976/","Larry Colwell dance photographs: Studio or publicity photos: Moncion, Francisco","photo, print, drawing","image","photographs","1947","","colwell, larry","","music division;larry colwell dance photographs, 1944-1966: studio or publicity photos;larry colwell dance photographs, 1944-1966","false","muscolwell-200224976","https://tile.loc.gov/image-services/iiif/service:music:muscolwell:muscolwell-200224976:muscolwell-200224976.0001/full/pct:100/0/default.jpg#h=4092&w=3286","https://tile.loc.gov/image-services/iiif/service:music:muscolwell:muscolwell-200224976:muscolwell-200224976.0001/full/pct:12.5/0/default.jpg#h=511&w=410","9","https://tile.loc.gov/image-services/iiif/service:music:muscolwell:muscolwell-200224976:muscolwell-200224976.0001/full/pct:100/0/default.jpg#h=4092&w=3286","muscolwell-200224976-0.jpg"
"https://www.loc.gov/item/muscolwell-200224977/","Larry Colwell dance photographs: Studio or publicity photos: Moylan, Mary Ellen","photo, print, drawing","image","photographs","1944","","colwell, larry","","music division;larry colwell dance photographs, 1944-1966: studio or publicity photos;larry colwell dance photographs, 1944-1966","false","muscolwell-200224977","https://tile.loc.gov/image-services/iiif/service:music:muscolwell:muscolwell-200224977:muscolwell-200224977.0001/full/pct:100/0/default.jpg#h=4112&w=3300","https://tile.loc.gov/image-services/iiif/service:music:muscolwell:muscolwell-200224977:muscolwell-200224977.0001/full/pct:6.25/0/default.jpg#h=257&w=206","6","https://tile.loc.gov/image-services/iiif/service:music:muscolwell:muscolwell-200224977:muscolwell-200224977.0001/full/pct:100/0/default.jpg#h=4112&w=3300","muscolwell-200224977-0.jpg"
"https://www.loc.gov/item/muscolwell-200224978/","Larry Colwell dance photographs: Studio or publicity photos: Moylan, Mary Ellen, with Fred Danieli [?]","photo, print, drawing","image","photographs","1944","","colwell, larry","","music division;larry colwell dance photographs, 1944-1966: studio or publicity photos;larry colwell dance photographs, 1944-1966","false","muscolwell-200224978","https://tile.loc.gov/image-services/iiif/service:music:muscolwell:muscolwell-200224978:muscolwell-200224978.0001/full/pct:100/0/default.jpg#h=4094&w=3286","https://tile.loc.gov/image-services/iiif/service:music:muscolwell:muscolwell-200224978:muscolwell-200224978.0001/full/pct:12.5/0/default.jpg#h=511&w=410","6","https://tile.loc.gov/image-services/iiif/service:music:muscolwell:muscolwell-200224978:muscolwell-200224978.0001/full/pct:100/0/default.jpg#h=4094&w=3286","muscolwell-200224978-0.jpg"
"https://www.loc.gov/item/muscolwell-200224965/","Larry Colwell dance photographs: Studio or publicity photos: Krassovska, Natalie","photo, print, drawing","image","photographs","1946","","colwell, larry","","music division;larry colwell dance photographs, 1944-1966: studio or publicity photos;larry colwell dance photographs, 1944-1966","false","muscolwell-200224965","https://tile.loc.gov/image-services/iiif/service:music:muscolwell:muscolwell-200224965:muscolwell-200224965.0001/full/pct:100/0/default.jpg#h=2872&w=2090","https://tile.loc.gov/image-services/iiif/service:music:muscolwell:muscolwell-200224965:muscolwell-200224965.0001/full/pct:12.5/0/default.jpg#h=359&w=261","14","https://tile.loc.gov/image-services/iiif/service:music:muscolwell:muscolwell-200224965:muscolwell-200224965.0001/full/pct:100/0/default.jpg#h=2872&w=2090","muscolwell-200224965-0.jpg"
"https://www.loc.gov/item/muscolwell-200224966/","Larry Colwell dance photographs: Studio or publicity photos: Krassovska, Natalie","photo, print, drawing","image","photographs","1947","","colwell, larry","","music division;larry colwell dance photographs, 1944-1966: studio or publicity photos;larry colwell dance photographs, 1944-1966","false","muscolwell-200224966","https://tile.loc.gov/image-services/iiif/service:music:muscolwell:muscolwell-200224966:muscolwell-200224966.0001/full/pct:100/0/default.jpg#h=2890&w=2086","https://tile.loc.gov/image-services/iiif/service:music:muscolwell:muscolwell-200224966:muscolwell-200224966.0001/full/pct:12.5/0/default.jpg#h=361&w=260","6","https://tile.loc.gov/image-services/iiif/service:music:muscolwell:muscolwell-200224966:muscolwell-200224966.0001/full/pct:100/0/default.jpg#h=2890&w=2086","muscolwell-200224966-0.jpg"
"https://www.loc.gov/item/muscolwell-200224981/","Larry Colwell dance photographs: Studio or publicity photos: Moylan, Mary Ellen","photo, print, drawing","image","photographs","1944","","colwell, larry","","music division;larry colwell dance photographs, 1944-1966: studio or publicity photos;larry colwell dance photographs, 1944-1966","false","muscolwell-200224981","https://tile.loc.gov/image-services/iiif/service:music:muscolwell:muscolwell-200224981:muscolwell-200224981.0001/full/pct:100/0/default.jpg#h=4075&w=3270","https://tile.loc.gov/image-services/iiif/service:music:muscolwell:muscolwell-200224981:muscolwell-200224981.0001/full/pct:12.5/0/default.jpg#h=509&w=408","6","https://tile.loc.gov/image-services/iiif/service:music:muscolwell:muscolwell-200224981:muscolwell-200224981.0001/full/pct:100/0/default.jpg#h=4075&w=3270","muscolwell-200224981-0.jpg"
"https://www.loc.gov/item/muscolwell-200224982/","Larry Colwell dance photographs: Studio or publicity photos: Moylan, Mary Ellen, with unidentified partner","photo, print, drawing","image","photographs","1944","","colwell, larry","","music division;larry colwell dance photographs, 1944-1966: studio or publicity photos;larry colwell dance photographs, 1944-1966","false","muscolwell-200224982","https://tile.loc.gov/image-services/iiif/service:music:muscolwell:muscolwell-200224982:muscolwell-200224982.0001/full/pct:100/0/default.jpg#h=4118&w=3311","https://tile.loc.gov/image-services/iiif/service:music:muscolwell:muscolwell-200224982:muscolwell-200224982.0001/full/pct:6.25/0/default.jpg#h=257&w=206","5","https://tile.loc.gov/image-services/iiif/service:music:muscolwell:muscolwell-200224982:muscolwell-200224982.0001/full/pct:100/0/default.jpg#h=4118&w=3311","muscolwell-200224982-0.jpg"
"https://www.loc.gov/item/muscolwell-200224983/","Larry Colwell dance photographs: Studio or publicity photos: Moylan, Mary Ellen, with unidentified partner","photo, print, drawing","image","photographs","1944","","colwell, larry","","music division;larry colwell dance photographs, 1944-1966: studio or publicity photos;larry colwell dance photographs, 1944-1966","false","muscolwell-200224983","https://tile.loc.gov/image-services/iiif/service:music:muscolwell:muscolwell-200224983:muscolwell-200224983.0001/full/pct:100/0/default.jpg#h=4106&w=3331","https://tile.loc.gov/image-services/iiif/service:music:muscolwell:muscolwell-200224983:muscolwell-200224983.0001/full/pct:12.5/0/default.jpg#h=513&w=416","5","https://tile.loc.gov/image-services/iiif/service:music:muscolwell:muscolwell-200224983:muscolwell-200224983.0001/full/pct:100/0/default.jpg#h=4106&w=3331","muscolwell-200224983-0.jpg"
"https://www.loc.gov/item/muscolwell-200224984/","Larry Colwell dance photographs: Studio or publicity photos: Moylan, Mary Ellen","photo, print, drawing","image","photographs","1944","","colwell, larry","","music division;larry colwell dance photographs, 1944-1966: studio or publicity photos;larry colwell dance photographs, 1944-1966","false","muscolwell-200224984","https://tile.loc.gov/image-services/iiif/service:music:muscolwell:muscolwell-200224984:muscolwell-200224984.0001/full/pct:100/0/default.jpg#h=4087&w=3286","https://tile.loc.gov/image-services/iiif/service:music:muscolwell:muscolwell-200224984:muscolwell-200224984.0001/full/pct:12.5/0/default.jpg#h=510&w=410","24","https://tile.loc.gov/image-services/iiif/service:music:muscolwell:muscolwell-200224984:muscolwell-200224984.0001/full/pct:100/0/default.jpg#h=4087&w=3286","muscolwell-200224984-0.jpg"
"https://www.loc.gov/item/muscolwell-200224979/","Larry Colwell dance photographs: Studio or publicity photos: Moylan, Mary Ellen","photo, print, drawing","image","photographs","1948","","colwell, larry","","music division;larry colwell dance photographs, 1944-1966: studio or publicity photos;larry colwell dance photographs, 1944-1966","false","muscolwell-200224979","https://tile.loc.gov/image-services/iiif/service:music:muscolwell:muscolwell-200224979:muscolwell-200224979.0001/full/pct:100/0/default.jpg#h=4078&w=3270","https://tile.loc.gov/image-services/iiif/service:music:muscolwell:muscolwell-200224979:muscolwell-200224979.0001/full/pct:12.5/0/default.jpg#h=509&w=408","26","https://tile.loc.gov/image-services/iiif/service:music:muscolwell:muscolwell-200224979:muscolwell-200224979.0001/full/pct:100/0/default.jpg#h=4078&w=3270","muscolwell-200224979-0.jpg"
"https://www.loc.gov/item/muscolwell-200224986/","Larry Colwell dance photographs: Studio or publicity photos: Rosay, Bettina","photo, print, drawing","image","photographs","1946","","colwell, larry","","music division;larry colwell dance photographs, 1944-1966: studio or publicity photos;larry colwell dance photographs, 1944-1966","false","muscolwell-200224986","https://tile.loc.gov/image-services/iiif/service:music:muscolwell:muscolwell-200224986:muscolwell-200224986.0001/full/pct:100/0/default.jpg#h=3318&w=2316","https://tile.loc.gov/image-services/iiif/service:music:muscolwell:muscolwell-200224986:muscolwell-200224986.0001/full/pct:12.5/0/default.jpg#h=414&w=289","9","https://tile.loc.gov/image-services/iiif/service:music:muscolwell:muscolwell-200224986:muscolwell-200224986.0001/full/pct:100/0/default.jpg#h=3318&w=2316","muscolwell-200224986-0.jpg"
"https://www.loc.gov/item/muscolwell-200224987/","Larry Colwell dance photographs: Studio or publicity photos: Rosay, Bettina","photo, print, drawing","image","photographs","1944","","colwell, larry","","music division;larry colwell dance photographs, 1944-1966: studio or publicity photos;larry colwell dance photographs, 1944-1966","false","muscolwell-200224987","https://tile.loc.gov/image-services/iiif/service:music:muscolwell:muscolwell-200224987:muscolwell-200224987.0001/full/pct:100/0/default.jpg#h=4118&w=3302","https://tile.loc.gov/image-services/iiif/service:music:muscolwell:muscolwell-200224987:muscolwell-200224987.0001/full/pct:6.25/0/default.jpg#h=257&w=206","5","https://tile.loc.gov/image-services/iiif/service:music:muscolwell:muscolwell-200224987:muscolwell-200224987.0001/full/pct:100/0/default.jpg#h=4118&w=3302","muscolwell-200224987-0.jpg"
"https://www.loc.gov/item/muscolwell-200224988/","Larry Colwell dance photographs: Studio or publicity photos: Tallchief, Maria","photo, print, drawing","image","photographs","1947","","colwell, larry","","music division;larry colwell dance photographs, 1944-1966: studio or publicity photos;larry colwell dance photographs, 1944-1966","false","muscolwell-200224988","https://tile.loc.gov/image-services/iiif/service:music:muscolwell:muscolwell-200224988:muscolwell-200224988.0001/full/pct:100/0/default.jpg#h=2930&w=2140","https://tile.loc.gov/image-services/iiif/service:music:muscolwell:muscolwell-200224988:muscolwell-200224988.0001/full/pct:12.5/0/default.jpg#h=366&w=267","9","https://tile.loc.gov/image-services/iiif/service:music:muscolwell:muscolwell-200224988:muscolwell-200224988.0001/full/pct:100/0/default.jpg#h=2930&w=2140","muscolwell-200224988-0.jpg"
"https://www.loc.gov/item/muscolwell-200224989/","Larry Colwell dance photographs: Studio or publicity photos: Vernon, Adelaide","photo, print, drawing","image","photographs","1946","","colwell, larry","","music division;larry colwell dance photographs, 1944-1966: studio or publicity photos;larry colwell dance photographs, 1944-1966","false","muscolwell-200224989","https://tile.loc.gov/image-services/iiif/service:music:muscolwell:muscolwell-200224989:muscolwell-200224989.0001/full/pct:100/0/default.jpg#h=3351&w=2112","https://tile.loc.gov/image-services/iiif/service:music:muscolwell:muscolwell-200224989:muscolwell-200224989.0001/full/pct:12.5/0/default.jpg#h=418&w=264","6","https://tile.loc.gov/image-services/iiif/service:music:muscolwell:muscolwell-200224989:muscolwell-200224989.0001/full/pct:100/0/default.jpg#h=3351&w=2112","muscolwell-200224989-0.jpg"
"https://www.loc.gov/item/muscolwell-200224980/","Larry Colwell dance photographs: Studio or publicity photos: Moylan, Mary Ellen","photo, print, drawing","image","photographs","1948","","colwell, larry","","music division;larry colwell dance photographs, 1944-1966: studio or publicity photos;larry colwell dance photographs, 1944-1966","false","muscolwell-200224980","https://tile.loc.gov/image-services/iiif/service:music:muscolwell:muscolwell-200224980:muscolwell-200224980.0001/full/pct:100/0/default.jpg#h=3318&w=2148","https://tile.loc.gov/image-services/iiif/service:music:muscolwell:muscolwell-200224980:muscolwell-200224980.0001/full/pct:12.5/0/default.jpg#h=414&w=268","24","https://tile.loc.gov/image-services/iiif/service:music:muscolwell:muscolwell-200224980:muscolwell-200224980.0001/full/pct:100/0/default.jpg#h=3318&w=2148","muscolwell-200224980-0.jpg"
"https://www.loc.gov/item/muscolwell-200224985/","Larry Colwell dance photographs: Studio or publicity photos: Picon, Armond, with Harriet Toby","photo, print, drawing","image","photographs","1944","","colwell, larry","","music division;larry colwell dance photographs, 1944-1966: studio or publicity photos;larry colwell dance photographs, 1944-1966","false","muscolwell-200224985","https://tile.loc.gov/image-services/iiif/service:music:muscolwell:muscolwell-200224985:muscolwell-200224985.0001/full/pct:100/0/default.jpg#h=4094&w=3262","https://tile.loc.gov/image-services/iiif/service:music:muscolwell:muscolwell-200224985:muscolwell-200224985.0001/full/pct:12.5/0/default.jpg#h=511&w=407","7","https://tile.loc.gov/image-services/iiif/service:music:muscolwell:muscolwell-200224985:muscolwell-200224985.0001/full/pct:100/0/default.jpg#h=4094&w=3262","muscolwell-200224985-0.jpg"
"https://www.loc.gov/item/muscolwell-200224995/","Larry Colwell dance photographs: Studio or publicity photos: Unidentified ballet dancers","photo, print, drawing","image","photographs","1944","","colwell, larry","","music division;larry colwell dance photographs, 1944-1966: studio or publicity photos;larry colwell dance photographs, 1944-1966","false","muscolwell-200224995","https://tile.loc.gov/image-services/iiif/service:music:muscolwell:muscolwell-200224995:muscolwell-200224995.0001/full/pct:100/0/default.jpg#h=4148&w=3365","https://tile.loc.gov/image-services/iiif/service:music:muscolwell:muscolwell-200224995:muscolwell-200224995.0001/full/pct:6.25/0/default.jpg#h=259&w=210","3","https://tile.loc.gov/image-services/iiif/service:music:muscolwell:muscolwell-200224995:muscolwell-200224995.0001/full/pct:100/0/default.jpg#h=4148&w=3365","muscolwell-200224995-0.jpg"
"https://www.loc.gov/item/muscolwell-200225002/","Larry Colwell dance photographs: Rehearsal photos: Rehearsal contact sheets","photo, print, drawing","image","photographs","1944","","colwell, larry","","music division;larry colwell dance photographs, 1944-1966;larry colwell dance photographs, 1944-1966: rehearsal photos","false","muscolwell-200225002","https://tile.loc.gov/image-services/iiif/service:music:muscolwell:muscolwell-200225002:muscolwell-200225002.0001/full/pct:100/0/default.jpg#h=3358&w=4163","https://tile.loc.gov/image-services/iiif/service:music:muscolwell:muscolwell-200225002:muscolwell-200225002.0001/full/pct:6.25/0/default.jpg#h=209&w=260","4","https://tile.loc.gov/image-services/iiif/service:music:muscolwell:muscolwell-200225002:muscolwell-200225002.0001/full/pct:100/0/default.jpg#h=3358&w=4163","muscolwell-200225002-0.jpg"
"https://www.loc.gov/item/muscolwell-200225022/","Larry Colwell dance photographs: Art photographs: [Figure study: seated dancer]","photo, print, drawing","image","photographs","1944","","colwell, larry","","music division;larry colwell dance photographs, 1944-1966: art photographs;larry colwell dance photographs, 1944-1966","false","muscolwell-200225022","https://tile.loc.gov/image-services/iiif/service:music:muscolwell:muscolwell-200225022:muscolwell-200225022.0001/full/pct:100/0/default.jpg#h=3375&w=2166","https://tile.loc.gov/image-services/iiif/service:music:muscolwell:muscolwell-200225022:muscolwell-200225022.0001/full/pct:12.5/0/default.jpg#h=421&w=270","6","https://tile.loc.gov/image-services/iiif/service:music:muscolwell:muscolwell-200225022:muscolwell-200225022.0001/full/pct:100/0/default.jpg#h=3375&w=2166","muscolwell-200225022-0.jpg"
"https://www.loc.gov/item/muscolwell-200224994/","Larry Colwell dance photographs: Studio or publicity photos: Unidentified ballet dancers","photo, print, drawing","image","photographs","1944","","colwell, larry","","music division;larry colwell dance photographs, 1944-1966: studio or publicity photos;larry colwell dance photographs, 1944-1966","false","muscolwell-200224994","https://tile.loc.gov/image-services/iiif/service:music:muscolwell:muscolwell-200224994:muscolwell-200224994.0001/full/pct:100/0/default.jpg#h=4155&w=3376","https://tile.loc.gov/image-services/iiif/service:music:muscolwell:muscolwell-200224994:muscolwell-200224994.0001/full/pct:6.25/0/default.jpg#h=259&w=211","3","https://tile.loc.gov/image-services/iiif/service:music:muscolwell:muscolwell-200224994:muscolwell-200224994.0001/full/pct:100/0/default.jpg#h=4155&w=3376","muscolwell-200224994-0.jpg"
"https://www.loc.gov/item/muscolwell-200224990/","Larry Colwell dance photographs: Studio or publicity photos: Wilde, Patricia, with unidentified partner","photo, print, drawing","image","photographs","1944","","colwell, larry","","music division;larry colwell dance photographs, 1944-1966: studio or publicity photos;larry colwell dance photographs, 1944-1966","false","muscolwell-200224990","https://tile.loc.gov/image-services/iiif/service:music:muscolwell:muscolwell-200224990:muscolwell-200224990.0001/full/pct:100/0/default.jpg#h=4173&w=3385","https://tile.loc.gov/image-services/iiif/service:music:muscolwell:muscolwell-200224990:muscolwell-200224990.0001/full/pct:6.25/0/default.jpg#h=260&w=211","6","https://tile.loc.gov/image-services/iiif/service:music:muscolwell:muscolwell-200224990:muscolwell-200224990.0001/full/pct:100/0/default.jpg#h=4173&w=3385","muscolwell-200224990-0.jpg"
"https://www.loc.gov/item/muscolwell-200224996/","Larry Colwell dance photographs: Studio or publicity photos: Unidentified ballet dancers","photo, print, drawing","image","photographs","1944","","colwell, larry","","music division;larry colwell dance photographs, 1944-1966: studio or publicity photos;larry colwell dance photographs, 1944-1966","false","muscolwell-200224996","https://tile.loc.gov/image-services/iiif/service:music:muscolwell:muscolwell-200224996:muscolwell-200224996.0001/full/pct:100/0/default.jpg#h=4131&w=3355","https://tile.loc.gov/image-services/iiif/service:music:muscolwell:muscolwell-200224996:muscolwell-200224996.0001/full/pct:6.25/0/default.jpg#h=258&w=209","6","https://tile.loc.gov/image-services/iiif/service:music:muscolwell:muscolwell-200224996:muscolwell-200224996.0001/full/pct:100/0/default.jpg#h=4131&w=3355","muscolwell-200224996-0.jpg"
"https://www.loc.gov/item/muscolwell-200224997/","Larry Colwell dance photographs: Studio or publicity photos: Unidentified dancer","photo, print, drawing","image","photographs","1944","","colwell, larry","","music division;larry colwell dance photographs, 1944-1966: studio or publicity photos;larry colwell dance photographs, 1944-1966","false","muscolwell-200224997","https://tile.loc.gov/image-services/iiif/service:music:muscolwell:muscolwell-200224997:muscolwell-200224997.0001/full/pct:100/0/default.jpg#h=4164&w=3377","https://tile.loc.gov/image-services/iiif/service:music:muscolwell:muscolwell-200224997:muscolwell-200224997.0001/full/pct:6.25/0/default.jpg#h=260&w=211","3","https://tile.loc.gov/image-services/iiif/service:music:muscolwell:muscolwell-200224997:muscolwell-200224997.0001/full/pct:100/0/default.jpg#h=4164&w=3377","muscolwell-200224997-0.jpg"
"https://www.loc.gov/item/muscolwell-200224998/","Larry Colwell dance photographs: Studio or publicity photos: Unidentified dancer","photo, print, drawing","image","photographs","1944","","colwell, larry","","music division;larry colwell dance photographs, 1944-1966: studio or publicity photos;larry colwell dance photographs, 1944-1966","false","muscolwell-200224998","https://tile.loc.gov/image-services/iiif/service:music:muscolwell:muscolwell-200224998:muscolwell-200224998.0001/full/pct:100/0/default.jpg#h=4158&w=3370","https://tile.loc.gov/image-services/iiif/service:music:muscolwell:muscolwell-200224998:muscolwell-200224998.0001/full/pct:6.25/0/default.jpg#h=259&w=210","3","https://tile.loc.gov/image-services/iiif/service:music:muscolwell:muscolwell-200224998:muscolwell-200224998.0001/full/pct:100/0/default.jpg#h=4158&w=3370","muscolwell-200224998-0.jpg"
"https://www.loc.gov/item/muscolwell-200225024/","Larry Colwell dance photographs: Art photographs: Still images","photo, print, drawing","image","photographs","1944","","colwell, larry","","music division;larry colwell dance photographs, 1944-1966: art photographs;larry colwell dance photographs, 1944-1966","false","muscolwell-200225024","https://tile.loc.gov/image-services/iiif/service:music:muscolwell:muscolwell-200225024:muscolwell-200225024.0001/full/pct:100/0/default.jpg#h=3373&w=2166","https://tile.loc.gov/image-services/iiif/service:music:muscolwell:muscolwell-200225024:muscolwell-200225024.0001/full/pct:12.5/0/default.jpg#h=421&w=270","3","https://tile.loc.gov/image-services/iiif/service:music:muscolwell:muscolwell-200225024:muscolwell-200225024.0001/full/pct:100/0/default.jpg#h=3373&w=2166","muscolwell-200225024-0.jpg"
"https://www.loc.gov/item/muscolwell-200224991/","Larry Colwell dance photographs: Studio or publicity photos: Wilde, Patricia, with unidentified partner","photo, print, drawing","image","photographs","1944","","colwell, larry","","music division;larry colwell dance photographs, 1944-1966: studio or publicity photos;larry colwell dance photographs, 1944-1966","false","muscolwell-200224991","https://tile.loc.gov/image-services/iiif/service:music:muscolwell:muscolwell-200224991:muscolwell-200224991.0001/full/pct:100/0/default.jpg#h=4141&w=3391","https://tile.loc.gov/image-services/iiif/service:music:muscolwell:muscolwell-200224991:muscolwell-200224991.0001/full/pct:6.25/0/default.jpg#h=258&w=211","6","https://tile.loc.gov/image-services/iiif/service:music:muscolwell:muscolwell-200224991:muscolwell-200224991.0001/full/pct:100/0/default.jpg#h=4141&w=3391","muscolwell-200224991-0.jpg"
"https://www.loc.gov/item/muscolwell-200224992/","Larry Colwell dance photographs: Studio or publicity photos: Wilde, Patricia","photo, print, drawing","image","photographs","1944","","colwell, larry","","music division;larry colwell dance photographs, 1944-1966: studio or publicity photos;larry colwell dance photographs, 1944-1966","false","muscolwell-200224992","https://tile.loc.gov/image-services/iiif/service:music:muscolwell:muscolwell-200224992:muscolwell-200224992.0001/full/pct:100/0/default.jpg#h=4161&w=3356","https://tile.loc.gov/image-services/iiif/service:music:muscolwell:muscolwell-200224992:muscolwell-200224992.0001/full/pct:6.25/0/default.jpg#h=260&w=209","3","https://tile.loc.gov/image-services/iiif/service:music:muscolwell:muscolwell-200224992:muscolwell-200224992.0001/full/pct:100/0/default.jpg#h=4161&w=3356","muscolwell-200224992-0.jpg"
"https://www.loc.gov/item/muscolwell-200224993/","Larry Colwell dance photographs: Studio or publicity photos: Wilde, Patricia","photo, print, drawing","image","photographs","1944","","colwell, larry","","music division;larry colwell dance photographs, 1944-1966: studio or publicity photos;larry colwell dance photographs, 1944-1966","false","muscolwell-200224993","https://tile.loc.gov/image-services/iiif/service:music:muscolwell:muscolwell-200224993:muscolwell-200224993.0001/full/pct:100/0/default.jpg#h=4141&w=3333","https://tile.loc.gov/image-services/iiif/service:music:muscolwell:muscolwell-200224993:muscolwell-200224993.0001/full/pct:6.25/0/default.jpg#h=258&w=208","10","https://tile.loc.gov/image-services/iiif/service:music:muscolwell:muscolwell-200224993:muscolwell-200224993.0001/full/pct:100/0/default.jpg#h=4141&w=3333","muscolwell-200224993-0.jpg"
"https://www.loc.gov/item/muscolwell-200224999/","Larry Colwell dance photographs: Rehearsal photos: Balanchine, George, with Tanaquil Le Clercq and other dancers","photo, print, drawing","image","photographs","1944","","colwell, larry","","music division;larry colwell dance photographs, 1944-1966;larry colwell dance photographs, 1944-1966: rehearsal photos","false","muscolwell-200224999","https://tile.loc.gov/image-services/iiif/service:music:muscolwell:muscolwell-200224999:muscolwell-200224999.0001/full/pct:100/0/default.jpg#h=5590&w=4450","https://tile.loc.gov/image-services/iiif/service:music:muscolwell:muscolwell-200224999:muscolwell-200224999.0001/full/pct:6.25/0/default.jpg#h=349&w=278","2","https://tile.loc.gov/image-services/iiif/service:music:muscolwell:muscolwell-200224999:muscolwell-200224999.0001/full/pct:100/0/default.jpg#h=5590&w=4450","muscolwell-200224999-0.jpg"
"https://www.loc.gov/item/muscolwell-200225000/","Larry Colwell dance photographs: Rehearsal photos: Balanchine, George, with Tanaquil Le Clercq, Nicholas Magallanes, and other dancers","photo, print, drawing","image","photographs","1944","","colwell, larry","","music division;larry colwell dance photographs, 1944-1966;larry colwell dance photographs, 1944-1966: rehearsal photos","false","muscolwell-200225000","https://tile.loc.gov/image-services/iiif/service:music:muscolwell:muscolwell-200225000:muscolwell-200225000.0001/full/pct:100/0/default.jpg#h=5624&w=4440","https://tile.loc.gov/image-services/iiif/service:music:muscolwell:muscolwell-200225000:muscolwell-200225000.0001/full/pct:6.25/0/default.jpg#h=351&w=277","2","https://tile.loc.gov/image-services/iiif/service:music:muscolwell:muscolwell-200225000:muscolwell-200225000.0001/full/pct:100/0/default.jpg#h=5624&w=4440","muscolwell-200225000-0.jpg"
"https://www.loc.gov/item/muscolwell-200225001/","Larry Colwell dance photographs: Rehearsal photos: Danilova, Alexandra","photo, print, drawing","image","photographs","1944","","colwell, larry","","music division;larry colwell dance photographs, 1944-1966;larry colwell dance photographs, 1944-1966: rehearsal photos","false","muscolwell-200225001","https://tile.loc.gov/image-services/iiif/service:music:muscolwell:muscolwell-200225001:muscolwell-200225001.0001/full/pct:100/0/default.jpg#h=5686&w=4499","https://tile.loc.gov/image-services/iiif/service:music:muscolwell:muscolwell-200225001:muscolwell-200225001.0001/full/pct:6.25/0/default.jpg#h=355&w=281","2","https://tile.loc.gov/image-services/iiif/service:music:muscolwell:muscolwell-200225001:muscolwell-200225001.0001/full/pct:100/0/default.jpg#h=5686&w=4499","muscolwell-200225001-0.jpg"
"https://www.loc.gov/item/muscolwell-200225005/","Larry Colwell dance photographs: Art photographs: Ballet Russe de Monte Carlo, Les Sylphides","photo, print, drawing","image","photographs","1944","","colwell, larry","","music division;larry colwell dance photographs, 1944-1966: art photographs;larry colwell dance photographs, 1944-1966","false","muscolwell-200225005","https://tile.loc.gov/image-services/iiif/service:music:muscolwell:muscolwell-200225005:muscolwell-200225005.0001/full/pct:100/0/default.jpg#h=4410&w=5580","https://tile.loc.gov/image-services/iiif/service:music:muscolwell:muscolwell-200225005:muscolwell-200225005.0001/full/pct:6.25/0/default.jpg#h=275&w=348","4","https://tile.loc.gov/image-services/iiif/service:music:muscolwell:muscolwell-200225005:muscolwell-200225005.0001/full/pct:100/0/default.jpg#h=4410&w=5580","muscolwell-200225005-0.jpg"
"https://www.loc.gov/item/muscolwell-200225012/","Larry Colwell dance photographs: Art photographs: New York City Ballet, Con Amore","photo, print, drawing","image","photographs","1944","","colwell, larry","","music division;larry colwell dance photographs, 1944-1966: art photographs;larry colwell dance photographs, 1944-1966","false","muscolwell-200225012","https://tile.loc.gov/image-services/iiif/service:music:muscolwell:muscolwell-200225012:muscolwell-200225012.0001/full/pct:100/0/default.jpg#h=4416&w=5554","https://tile.loc.gov/image-services/iiif/service:music:muscolwell:muscolwell-200225012:muscolwell-200225012.0001/full/pct:6.25/0/default.jpg#h=276&w=347","2","https://tile.loc.gov/image-services/iiif/service:music:muscolwell:muscolwell-200225012:muscolwell-200225012.0001/full/pct:100/0/default.jpg#h=4416&w=5554","muscolwell-200225012-0.jpg"
"https://www.loc.gov/item/muscolwell-200225016/","Larry Colwell dance photographs: Art photographs: New York City Ballet, Swan Lake","photo, print, drawing","image","photographs","1944","","colwell, larry","","music division;larry colwell dance photographs, 1944-1966: art photographs;larry colwell dance photographs, 1944-1966","false","muscolwell-200225016","https://tile.loc.gov/image-services/iiif/service:music:muscolwell:muscolwell-200225016:muscolwell-200225016.0001/full/pct:100/0/default.jpg#h=3908&w=5616","https://tile.loc.gov/image-services/iiif/service:music:muscolwell:muscolwell-200225016:muscolwell-200225016.0001/full/pct:6.25/0/default.jpg#h=244&w=351","6","https://tile.loc.gov/image-services/iiif/service:music:muscolwell:muscolwell-200225016:muscolwell-200225016.0001/full/pct:100/0/default.jpg#h=3908&w=5616","muscolwell-200225016-0.jpg"
"https://www.loc.gov/item/muscolwell-200225010/","Larry Colwell dance photographs: Art photographs: Johnson, Virginia","photo, print, drawing","image","photographs","1946","","colwell, larry","","music division;larry colwell dance photographs, 1944-1966: art photographs;larry colwell dance photographs, 1944-1966","false","muscolwell-200225010","https://tile.loc.gov/image-services/iiif/service:music:muscolwell:muscolwell-200225010:muscolwell-200225010.0001/full/pct:100/0/default.jpg#h=7869&w=6286","https://tile.loc.gov/image-services/iiif/service:music:muscolwell:muscolwell-200225010:muscolwell-200225010.0001/full/pct:6.25/0/default.jpg#h=491&w=392","2","https://tile.loc.gov/image-services/iiif/service:music:muscolwell:muscolwell-200225010:muscolwell-200225010.0001/full/pct:100/0/default.jpg#h=7869&w=6286","muscolwell-200225010-0.jpg"
"https://www.loc.gov/item/muscolwell-200225009/","Larry Colwell dance photographs: Art photographs: Ballet Russe de Monte Carlo, unidentified ballet","photo, print, drawing","image","photographs","1956","","colwell, larry","","music division;larry colwell dance photographs, 1944-1966: art photographs;larry colwell dance photographs, 1944-1966","false","muscolwell-200225009","https://tile.loc.gov/image-services/iiif/service:music:muscolwell:muscolwell-200225009:muscolwell-200225009.0001/full/pct:100/0/default.jpg#h=6052&w=7679","https://tile.loc.gov/image-services/iiif/service:music:muscolwell:muscolwell-200225009:muscolwell-200225009.0001/full/pct:6.25/0/default.jpg#h=378&w=479","2","https://tile.loc.gov/image-services/iiif/service:music:muscolwell:muscolwell-200225009:muscolwell-200225009.0001/full/pct:100/0/default.jpg#h=6052&w=7679","muscolwell-200225009-0.jpg"
"https://www.loc.gov/item/muscolwell-200225017/","Larry Colwell dance photographs: Art photographs: Youskevitch, Igor","photo, print, drawing","image","photographs","1956","","colwell, larry","","music division;larry colwell dance photographs, 1944-1966: art photographs;larry colwell dance photographs, 1944-1966","false","muscolwell-200225017","https://tile.loc.gov/image-services/iiif/service:music:muscolwell:muscolwell-200225017:muscolwell-200225017.0001/full/pct:100/0/default.jpg#h=7688&w=6087","https://tile.loc.gov/image-services/iiif/service:music:muscolwell:muscolwell-200225017:muscolwell-200225017.0001/full/pct:6.25/0/default.jpg#h=480&w=380","2","https://tile.loc.gov/image-services/iiif/service:music:muscolwell:muscolwell-200225017:muscolwell-200225017.0001/full/pct:100/0/default.jpg#h=7688&w=6087","muscolwell-200225017-0.jpg"
"https://www.loc.gov/item/muscolwell-200225003/","Larry Colwell dance photographs: Art photographs: Ballet Russe de Monte Carlo, Blue Danube","photo, print, drawing","image","photographs","1944","","colwell, larry","","music division;larry colwell dance photographs, 1944-1966: art photographs;larry colwell dance photographs, 1944-1966","false","muscolwell-200225003","https://tile.loc.gov/image-services/iiif/service:music:muscolwell:muscolwell-200225003:muscolwell-200225003.0001/full/pct:100/0/default.jpg#h=6412&w=8003","https://tile.loc.gov/image-services/iiif/service:music:muscolwell:muscolwell-200225003:muscolwell-200225003.0001/full/pct:6.25/0/default.jpg#h=400&w=500","2","https://tile.loc.gov/image-services/iiif/service:music:muscolwell:muscolwell-200225003:muscolwell-200225003.0001/full/pct:100/0/default.jpg#h=6412&w=8003","muscolwell-200225003-0.jpg"
"https://www.loc.gov/item/muscolwell-200225004/","Larry Colwell dance photographs: Art photographs: Ballet Russe de Monte Carlo, La Dame  la licorne [The Lady and the Unicorn]","photo, print, drawing","image","photographs","1956","","colwell, larry","","music division;larry colwell dance photographs, 1944-1966: art photographs;larry colwell dance photographs, 1944-1966","false","muscolwell-200225004","https://tile.loc.gov/image-services/iiif/service:music:muscolwell:muscolwell-200225004:muscolwell-200225004.0001/full/pct:100/0/default.jpg#h=6112&w=7696","https://tile.loc.gov/image-services/iiif/service:music:muscolwell:muscolwell-200225004:muscolwell-200225004.0001/full/pct:6.25/0/default.jpg#h=382&w=481","2","https://tile.loc.gov/image-services/iiif/service:music:muscolwell:muscolwell-200225004:muscolwell-200225004.0001/full/pct:100/0/default.jpg#h=6112&w=7696","muscolwell-200225004-0.jpg"
"https://www.loc.gov/item/muscolwell-200225007/","Larry Colwell dance photographs: Art photographs: Ballet Russe de Monte Carlo, Showboat","photo, print, drawing","image","photographs","1954","","colwell, larry","","music division;larry colwell dance photographs, 1944-1966: art photographs;larry colwell dance photographs, 1944-1966","false","muscolwell-200225007","https://tile.loc.gov/image-services/iiif/service:music:muscolwell:muscolwell-200225007:muscolwell-200225007.0001/full/pct:100/0/default.jpg#h=7690&w=6134","https://tile.loc.gov/image-services/iiif/service:music:muscolwell:muscolwell-200225007:muscolwell-200225007.0001/full/pct:6.25/0/default.jpg#h=480&w=383","2","https://tile.loc.gov/image-services/iiif/service:music:muscolwell:muscolwell-200225007:muscolwell-200225007.0001/full/pct:100/0/default.jpg#h=7690&w=6134","muscolwell-200225007-0.jpg"
"https://www.loc.gov/item/muscolwell-200225008/","Larry Colwell dance photographs: Art photographs: Ballet Russe de Monte Carlo, unidentified ballet","photo, print, drawing","image","photographs","1947","","colwell, larry","","music division;larry colwell dance photographs, 1944-1966: art photographs;larry colwell dance photographs, 1944-1966","false","muscolwell-200225008","https://tile.loc.gov/image-services/iiif/service:music:muscolwell:muscolwell-200225008:muscolwell-200225008.0001/full/pct:100/0/default.jpg#h=6079&w=7667","https://tile.loc.gov/image-services/iiif/service:music:muscolwell:muscolwell-200225008:muscolwell-200225008.0001/full/pct:6.25/0/default.jpg#h=379&w=479","2","https://tile.loc.gov/image-services/iiif/service:music:muscolwell:muscolwell-200225008:muscolwell-200225008.0001/full/pct:100/0/default.jpg#h=6079&w=7667","muscolwell-200225008-0.jpg"
"https://www.loc.gov/item/muscolwell-200225006/","Larry Colwell dance photographs: Art photographs: Ballet Russe de Monte Carlo, Mikado","photo, print, drawing","image","photographs","1944","","colwell, larry","","music division;larry colwell dance photographs, 1944-1966: art photographs;larry colwell dance photographs, 1944-1966","false","muscolwell-200225006","https://tile.loc.gov/image-services/iiif/service:music:muscolwell:muscolwell-200225006:muscolwell-200225006.0001/full/pct:100/0/default.jpg#h=6469&w=8118","https://tile.loc.gov/image-services/iiif/service:music:muscolwell:muscolwell-200225006:muscolwell-200225006.0001/full/pct:6.25/0/default.jpg#h=404&w=507","4","https://tile.loc.gov/image-services/iiif/service:music:muscolwell:muscolwell-200225006:muscolwell-200225006.0001/full/pct:100/0/default.jpg#h=6469&w=8118","muscolwell-200225006-0.jpg"
"https://www.loc.gov/item/muscolwell-200225018/","Larry Colwell dance photographs: Art photographs: [Ballet scene with two dancers, unidentifed]","photo, print, drawing","image","photographs","1944","","colwell, larry","","music division;larry colwell dance photographs, 1944-1966: art photographs;larry colwell dance photographs, 1944-1966","false","muscolwell-200225018","https://tile.loc.gov/image-services/iiif/service:music:muscolwell:muscolwell-200225018:muscolwell-200225018.0001/full/pct:100/0/default.jpg#h=7520&w=6013","https://tile.loc.gov/image-services/iiif/service:music:muscolwell:muscolwell-200225018:muscolwell-200225018.0001/full/pct:6.25/0/default.jpg#h=470&w=375","2","https://tile.loc.gov/image-services/iiif/service:music:muscolwell:muscolwell-200225018:muscolwell-200225018.0001/full/pct:100/0/default.jpg#h=7520&w=6013","muscolwell-200225018-0.jpg"
"https://www.loc.gov/item/muscolwell-200225019/","Larry Colwell dance photographs: Art photographs: [Ballet scene with three women, unidentified]","photo, print, drawing","image","photographs","1944","","colwell, larry","","music division;larry colwell dance photographs, 1944-1966: art photographs;larry colwell dance photographs, 1944-1966","false","muscolwell-200225019","https://tile.loc.gov/image-services/iiif/service:music:muscolwell:muscolwell-200225019:muscolwell-200225019.0001/full/pct:100/0/default.jpg#h=8076&w=6499","https://tile.loc.gov/image-services/iiif/service:music:muscolwell:muscolwell-200225019:muscolwell-200225019.0001/full/pct:6.25/0/default.jpg#h=504&w=406","2","https://tile.loc.gov/image-services/iiif/service:music:muscolwell:muscolwell-200225019:muscolwell-200225019.0001/full/pct:100/0/default.jpg#h=8076&w=6499","muscolwell-200225019-0.jpg"
"https://www.loc.gov/item/muscolwell-200225020/","Larry Colwell dance photographs: Art photographs: [Masked dancers, unidentified]","photo, print, drawing","image","photographs","1944","","colwell, larry","","music division;larry colwell dance photographs, 1944-1966: art photographs;larry colwell dance photographs, 1944-1966","false","muscolwell-200225020","https://tile.loc.gov/image-services/iiif/service:music:muscolwell:muscolwell-200225020:muscolwell-200225020.0001/full/pct:100/0/default.jpg#h=8050&w=6464","https://tile.loc.gov/image-services/iiif/service:music:muscolwell:muscolwell-200225020:muscolwell-200225020.0001/full/pct:6.25/0/default.jpg#h=503&w=404","2","https://tile.loc.gov/image-services/iiif/service:music:muscolwell:muscolwell-200225020:muscolwell-200225020.0001/full/pct:100/0/default.jpg#h=8050&w=6464","muscolwell-200225020-0.jpg"
"https://www.loc.gov/item/muscolwell-200225021/","Larry Colwell dance photographs: Art photographs: [Stage scene, unidentified]","photo, print, drawing","image","photographs","1944","","colwell, larry","","music division;larry colwell dance photographs, 1944-1966: art photographs;larry colwell dance photographs, 1944-1966","false","muscolwell-200225021","https://tile.loc.gov/image-services/iiif/service:music:muscolwell:muscolwell-200225021:muscolwell-200225021.0001/full/pct:100/0/default.jpg#h=6480&w=8060","https://tile.loc.gov/image-services/iiif/service:music:muscolwell:muscolwell-200225021:muscolwell-200225021.0001/full/pct:6.25/0/default.jpg#h=405&w=503","2","https://tile.loc.gov/image-services/iiif/service:music:muscolwell:muscolwell-200225021:muscolwell-200225021.0001/full/pct:100/0/default.jpg#h=6480&w=8060","muscolwell-200225021-0.jpg"
"https://www.loc.gov/item/muscolwell-200225014/","Larry Colwell dance photographs: Art photographs: New York City Ballet, The Seasons","photo, print, drawing","image","photographs","1947","","colwell, larry","","music division;larry colwell dance photographs, 1944-1966: art photographs;larry colwell dance photographs, 1944-1966","false","muscolwell-200225014","https://tile.loc.gov/image-services/iiif/service:music:muscolwell:muscolwell-200225014:muscolwell-200225014.0001/full/pct:100/0/default.jpg#h=6078&w=7651","https://tile.loc.gov/image-services/iiif/service:music:muscolwell:muscolwell-200225014:muscolwell-200225014.0001/full/pct:6.25/0/default.jpg#h=379&w=478","2","https://tile.loc.gov/image-services/iiif/service:music:muscolwell:muscolwell-200225014:muscolwell-200225014.0001/full/pct:100/0/default.jpg#h=6078&w=7651","muscolwell-200225014-0.jpg"
"https://www.loc.gov/item/muscolwell-200225015/","Larry Colwell dance photographs: Art photographs: New York City Ballet, Serenade","photo, print, drawing","image","photographs","1953","","colwell, larry","","music division;larry colwell dance photographs, 1944-1966: art photographs;larry colwell dance photographs, 1944-1966","false","muscolwell-200225015","https://tile.loc.gov/image-services/iiif/service:music:muscolwell:muscolwell-200225015:muscolwell-200225015.0001/full/pct:100/0/default.jpg#h=7311&w=6299","https://tile.loc.gov/image-services/iiif/service:music:muscolwell:muscolwell-200225015:muscolwell-200225015.0001/full/pct:6.25/0/default.jpg#h=456&w=393","2","https://tile.loc.gov/image-services/iiif/service:music:muscolwell:muscolwell-200225015:muscolwell-200225015.0001/full/pct:100/0/default.jpg#h=7311&w=6299","muscolwell-200225015-0.jpg"
"https://www.loc.gov/item/muscolwell-200225011/","Larry Colwell dance photographs: Art photographs: New York City Ballet, Afternoon of a Faun","photo, print, drawing","image","photographs","1956","","colwell, larry","","music division;larry colwell dance photographs, 1944-1966: art photographs;larry colwell dance photographs, 1944-1966","false","muscolwell-200225011","https://tile.loc.gov/image-services/iiif/service:music:muscolwell:muscolwell-200225011:muscolwell-200225011.0001/full/pct:100/0/default.jpg#h=7997&w=6425","https://tile.loc.gov/image-services/iiif/service:music:muscolwell:muscolwell-200225011:muscolwell-200225011.0001/full/pct:6.25/0/default.jpg#h=499&w=401","6","https://tile.loc.gov/image-services/iiif/service:music:muscolwell:muscolwell-200225011:muscolwell-200225011.0001/full/pct:100/0/default.jpg#h=7997&w=6425","muscolwell-200225011-0.jpg"
"https://www.loc.gov/item/muscolwell-200225013/","Larry Colwell dance photographs: Art photographs: New York City Ballet, Fanfare","photo, print, drawing","image","photographs","1953","","colwell, larry","","music division;larry colwell dance photographs, 1944-1966: art photographs;larry colwell dance photographs, 1944-1966","false","muscolwell-200225013","https://tile.loc.gov/image-services/iiif/service:music:muscolwell:muscolwell-200225013:muscolwell-200225013.0001/full/pct:100/0/default.jpg#h=7986&w=6352","https://tile.loc.gov/image-services/iiif/service:music:muscolwell:muscolwell-200225013:muscolwell-200225013.0001/full/pct:6.25/0/default.jpg#h=499&w=397","4","https://tile.loc.gov/image-services/iiif/service:music:muscolwell:muscolwell-200225013:muscolwell-200225013.0001/full/pct:100/0/default.jpg#h=7986&w=6352","muscolwell-200225013-0.jpg"
"https://www.loc.gov/collections/larry-colwell-dance-photographs-1944-to-1966/about-this-collection/","Larry Colwell Dance Photographs, 1944-1966","collection","","writings;articles;performing arts;arts and culture;clippings (information artifacts);photographic prints;dance;black-and-white-negatives;music;contact sheets;promotional materials","1944","Photographs of dance and dancing are vital visual documentation of dance practices and performance in the United States. This digital collection represents the entire contents of the Music Division&rsquo;s collection of Larry Colwell Dance Photographs. In studio portraits, Colwell captured many ballet stars of the Ballet Russe de Monte Carlo and the New York City Ballet. He also developed a technique for photographing live dance whose aesthetic used blurring to connote the excitement of seeing the moving dancer.","barboza, anthony;colwell, larry","","music division;digital collections;larry colwell dance photographs, 1944-1966","false","collections-larry-colwell-dance-photographs-1944-to-1966-about-this-collection","https://www.loc.gov/static/collections/larry-colwell-dance-photographs-1944-to-1966/500_500.jpg","https://www.loc.gov/static/collections/larry-colwell-dance-photographs-1944-to-1966/500_500.jpg","1","https://www.loc.gov/static/collections/larry-colwell-dance-photographs-1944-to-1966/500_500.jpg","collections-larry-colwell-dance-photographs-1944-to-1966-about-this-collection-0.jpg"